"zone","avg_speed_zone"
"Downtown","39.66085687562348"
"MallRoad","39.844446953889054"
"AirportRoad","40.04812854234614"
"TechPark","40.053971383278096"
"RingRoad","40.06773974111012"
